Raya,Barr,6566 Aenean Street,Raymond,WA,60013,ligula.Aenean@nulla.org,46225.27,Senior_SWE,FTE
Delilah,Hampton,804-4179 Fusce Street,Renca,WA,99704,sit.amet.massa@est.net,20776.01,Senior_Manager,Intern
Brittany,Campbell,4142 Penatibus Av.,Oristano,WA,A4J 2JW,libero.et.tristique@Proin.net,80449.12,Senior_Manager,Contractor
Jack,Webster,920-2215 Auctor Rd.,Sahiwal,WA,6000TI,Quisque.libero.lacus@nunc.co.uk,39191.11,SWE_II,Contractor
Deanna,Schmidt,4462 Porta Av.,Saint-Quentin,WA,51302,ligula.eu@felisorciadipiscing.org,32175.66,Manager,Intern
Macaulay,Cleveland,Ap #156-3791 Turpis Avenue,Boulogne-Billancourt,WA,L3B 3Z8,ac.turpis@nequenonquam.com,56697.64,SWE_II,FTE
McKenzie,Sweeney,464-8689 Sed Rd.,Srinagar,WA,57486,malesuada.vel.convallis@etlibero.org,97908.43,Senior_Manager,Intern
Yoshio,Hopkins,3527 Quisque Road,Milena,WA,22101-494,torquent@elitfermentum.net,64131.63,SWE,Contractor
Hedley,Acosta,721-2388 Neque Rd.,Lisieux,WA,956095,Nunc@velitjustonec.com,50487.34,Manager,Contractor
Odysseus,Petersen,4534 Vel Road,Lexington,WA,5765,eleifend.Cras.sed@Nulla.com,18079.65,SWE_II,Contractor
Ella,Burns,P.O. Box 893. 6947 Metus. Rd.,Grimbergen,WA,9278,neque@Morbinequetellus.co.uk,72572.12,SWE,FTE
Benedict,Booth,8355 Nisl. Road,Whakatane,WA,26185,ultrices.posuere.cubilia@netusetmalesuada.org,90537.08,SWE,FTE
Kellie,Conway,936-7027 Faucibus St.,Forbach,WA,8468,felis@Proinnislsem.net,76587.44,Senior_SWE,FTE
Thane,Bates,Ap #481-8451 Orci. Street,Savannah,WA,9730,vel@aliquetmetusurna.edu,93721.75,Manager,Intern
Pascale,Fry,Ap #154-6843 Felis St.,Srinagar,WA,490537,faucibus@Nunc.ca,50016.17,Senior_SWE,Contractor
Hadassah,Gamble,Ap #578-7249 Enim. Road,Saint-Laurent,WA,55456-929,eu.nibh.vulputate@Quisque.edu,21528.69,Senior_Manager,Contractor
Colby,Logan,102 Tellus. Street,Velden am Wörther See,WA,0876IC,mus@est.ca,20180.79,Manager,FTE
Amy,Gamble,Ap #142-5652 Fusce Rd.,Burin,WA,71314,nibh.Aliquam.ornare@vitae.edu,14615.92,SWE_II,Contractor
Hiram,Rogers,9470 Risus. St.,Falun,WA,89055,Sed.nec@aliquet.org,46256.68,SWE,FTE
Ann,Buckner,1451 Lorem Street,Haverhill,WA,404692,amet.metus@tristiquenequevenenatis.co.uk,32148.42,Manager,FTE
Ainsley,Hampton,2262 Enim. St.,Tonk,WA,4546,amet@scelerisquenequesed.edu,91565.81,Manager,FTE
Sharon,Wilson,P.O. Box 323. 9360 Amet Street,Menai Bridge,WA,1579,fringilla.mi.lacinia@nascetur.org,8084.71,Manager,Contractor
Phyllis,Patton,1374 Sed St.,Paglieta,WA,99355,ornare@feugiat.co.uk,40305.63,SWE,Contractor
Jillian,Lamb,8804 Volutpat. St.,Lanaken,WA,180986,ut@vehicularisusNulla.net,22424.65,Senior_SWE,FTE
Sara,Sargent,682-4985 In Street,San Lorenzo Nuovo,WA,56476,sed@aliquet.org,36481.66,Senior_Manager,FTE
Brenna,Ramsey,P.O. Box 883. 2629 Fusce St.,Oberwart,WA,5175,morbi@feugiatplacerat.com,27850.48,SWE_II,FTE
Carla,Stafford,Ap #772-3277 Diam Rd.,Fort Smith,WA,NU5 4XB,Cum@etnetus.org,53901.53,Manager,Intern
Garrison,Hunter,309-359 Scelerisque Ave,Louisville,WA,70845-360,Donec.fringilla@vitaeorciPhasellus.org,16170.82,Senior_Manager,Intern
Megan,Miller,164-5853 Fusce Ave,Ludhiana,WA,1419,dolor.Quisque@ante.edu,68720.39,SWE_II,Intern
Karen,Hyde,958-514 Sem. Road,Hornsea,WA,J5H 2E9,quis.lectus@tellusnon.edu,66074.53,Senior_Manager,Contractor
Rhoda,Valdez,Ap #310-7421 Sit Street,Rochester,WA,471956,fringilla@Phasellusvitae.org,7767.57,SWE,Contractor
Jescie,Goff,4470 Montes. Av.,Opole,WA,0612IQ,enim.Sed@eleifendnuncrisus.org,24966.97,SWE,Contractor
Kane,Burns,Ap #537-5905 Ipsum Road,Lanaken,WA,891847,lorem.eget.mollis@tempuseuligula.ca,38007.3,SWE_II,FTE
Carl,Townsend,6186 Ipsum Ave,Fort Wayne,WA,2199,auctor@tristiqueneque.com,48420.58,SWE_II,FTE
Iris,Whitley,P.O. Box 264. 426 Molestie Avenue,Belcarra,WA,71313,eu.eros.Nam@id.net,23039.56,Senior_SWE,Contractor
Dorian,Dalton,530-7987 Dui Road,Orléans,WA,75677,Vestibulum.ante@Namporttitorscelerisque.net,93915.69,SWE_II,Intern
Illiana,Obrien,Ap #429-2100 Eu St.,Vancouver,WA,4229AN,Curabitur.massa@Aliquam.com,99181.98,SWE_II,FTE
Lewis,Chan,P.O. Box 738. 964 Ornare. Av.,Ham-sur-Sambre,WA,29434,pede.malesuada@Sednullaante.co.uk,63268.05,SWE_II,Contractor
Kenyon,Clements,P.O. Box 161. 7617 Sit Rd.,Anzegem,WA,82319,mi.lorem@nisi.ca,68096.21,Manager,FTE
Kaseem,Cain,Ap #687-6531 Habitant Avenue,Salihli,WA,3735,Quisque.libero.lacus@arcuSedet.edu,96888.38,Senior_Manager,FTE
Kameko,Caldwell,3460 Orci Avenue,Parramatta,WA,6593,magna.Phasellus@etultrices.com,30953.64,SWE_II,Intern
Peter,Carr,7759 Ac. Avenue,Mandi Burewala,WA,V2 5MX,ultrices.posuere.cubilia@imperdietornareIn.ca,44019.85,SWE,FTE
Gavin,Sharp,Ap #414-1458 Velit. Av.,Campagna,WA,90346,fringilla.purus@cursusnonegestas.co.uk,20914.62,Senior_SWE,Contractor
Duncan,Goodwin,956 Bibendum Rd.,Lauterach,WA,1366,Integer.vulputate.risus@egetipsum.ca,18389.21,Senior_Manager,Contractor
Brenna,Kinney,P.O. Box 646. 3933 Purus. Rd.,Annapolis,WA,31413,ac@id.com,82255.67,Senior_SWE,Intern
Ruth,Knox,Ap #587-8618 Sodales. Street,Olathe,WA,90946,semper.auctor.Mauris@viverraDonectempus.net,55941.98,Manager,Contractor
Raja,Blair,Ap #358-6277 Blandit St.,Ilkeston,WA,806955,Vestibulum.ante@Quisque.net,25331.57,SWE_II,FTE
Eliana,Flowers,Ap #300-7861 Pede. St.,Pedro Aguirre Cerda,WA,6003,sed.dolor.Fusce@Aliquam.co.uk,68680.41,SWE_II,Contractor
Merritt,David,8646 Egestas Street,Houdemont,WA,3866UC,lorem@dolorFuscefeugiat.edu,93143.5,Senior_Manager,Contractor
Joan,Ayers,812-7997 Et Road,Coalhurst,WA,62-081,risus@dignissimlacus.edu,58200.35,Senior_SWE,Contractor
Patience,Pittman,4540 Eleifend. Street,Oudegem,WA,3554,velit.Aliquam@adipiscingfringillaporttitor.edu,60403.43,SWE_II,Intern
Latifah,Mooney,Ap #602-8028 Sed Road,Tubeke Tubize,WA,70302,iaculis@a.edu,52561.18,SWE,Contractor
Macon,Pruitt,P.O. Box 680. 5761 Augue St.,Norman Wells,WA,29660,quis@Donec.co.uk,73586.28,Manager,Contractor
Lyle,Callahan,Ap #831-6648 Vehicula Av.,Richmond,WA,57666-551,Cras.pellentesque.Sed@scelerisque.org,84489.98,Senior_Manager,Contractor
Lara,Velazquez,4281 Consequat Rd.,Aparecida de Goiânia,WA,410845,dolor.vitae.dolor@Duis.co.uk,12125.78,Manager,Contractor
Derek,Nixon,P.O. Box 961. 1986 Volutpat Rd.,Columbus,WA,131728,ac.ipsum@malesuadaut.co.uk,9264.36,SWE,Contractor
Shay,George,8918 Malesuada Rd.,Llanelli,WA,7065,ante.Vivamus.non@ProinvelitSed.com,63700.39,Senior_SWE,FTE
Zeph,Blackwell,P.O. Box 189. 1005 Nunc St.,Eindhoven,WA,4532,laoreet.lectus.quis@sitamet.net,75776.97,Senior_SWE,Contractor
Lysandra,Durham,P.O. Box 270. 4787 Semper Av.,San Venanzo,WA,40302,vitae.erat@Duisatlacus.net,26683.78,Manager,FTE
Kellie,Lewis,Ap #172-8773 Magna St.,Arnhem,WA,9326BW,mi.fringilla.mi@consectetuerrhoncus.edu,40738.24,SWE_II,Intern
Colette,Saunders,570-8257 Ac. Street,Aschaffenburg,WA,27650,fermentum.fermentum.arcu@tristiquepellentesquetellus.com,78076.28,SWE,FTE
Hanna,Stephenson,P.O. Box 316. 4540 Sapien. Rd.,Surrey,WA,9593,est@enimnonnisi.com,83683.46,SWE_II,Contractor
Henry,Cochran,P.O. Box 395. 1752 Velit Ave,Campochiaro,WA,3583,Mauris.nulla@tempusscelerisquelorem.ca,15938.65,SWE_II,Contractor
Jared,Franklin,371-2136 At. Street,Isca sullo Ionio,WA,6739OH,tincidunt.nunc.ac@Nullamutnisi.net,71626.18,Senior_Manager,Intern
Emmanuel,Carney,P.O. Box 473. 7912 Quis Rd.,Basildon,WA,71619,diam.vel.arcu@Proinnon.ca,33822.99,Manager,Contractor
Emerald,Howell,320-4117 Euismod Road,Vierzon,WA,42-527,eget.odio.Aliquam@Curabitur.edu,84614.48,SWE,Intern
Mira,Burch,P.O. Box 450. 3644 Enim. Ave,Rosarno,WA,40-092,eget@anteipsum.ca,6608.77,Senior_Manager,Intern
Rigel,Wood,Ap #112-2148 Duis St.,Godhra,WA,ZL3Q 8ZN,dui.in@ligulaDonecluctus.org,80077.24,Senior_SWE,FTE
Clio,Richmond,996-5612 Libero. Av.,Fort William,WA,27-218,sit@eget.edu,93341.68,Manager,FTE
Kareem,Black,383-1736 Iaculis Av.,Ravenstein,WA,3074,eget.ipsum@arcuSed.org,67042.95,Senior_Manager,Contractor
Cailin,Meyers,3226 Odio. Rd.,Folx-les-Caves,WA,16-164,Aenean.eget.metus@odioNam.com,93132.88,Senior_Manager,FTE
Lavinia,Dennis,P.O. Box 275. 616 Non. Rd.,Campagna,WA,322600,Proin.eget@ornareelit.co.uk,7797.01,Manager,FTE
Debra,Nicholson,166-7523 Netus Rd.,Palmiano,WA,482518,nibh.Quisque.nonummy@Suspendisseac.ca,91447.3,Manager,Intern
Caryn,Molina,4086 Dignissim St.,Jamnagar,WA,70369,primis@ultriciessem.net,14096.88,SWE_II,Contractor
Blaine,Duran,P.O. Box 116. 191 Montes. St.,Yerbas Buenas,WA,4743,hendrerit.id@seddui.ca,43233.76,Senior_Manager,Intern
Zachery,Beach,7457 Ac Avenue,Cerrillos,WA,551150,eget.nisi@lorem.edu,39653.06,Manager,Intern
Elton,Gomez,4762 Auctor Avenue,Vezzi Portio,WA,XY43 4YX,augue@egestasrhoncus.co.uk,53554.81,Senior_Manager,FTE
Moses,Osborne,P.O. Box 960. 5950 Vel. Road,Alanya,WA,87666,fermentum.arcu@risus.co.uk,77584.54,Senior_SWE,Contractor
Cooper,Ratliff,8572 Nostra. Road,Parndorf,WA,6492,elit.sed.consequat@egestasurnajusto.org,38672.39,SWE_II,FTE
Sylvia,Baldwin,8386 Dictum Street,Bruderheim,WA,70386,volutpat.ornare.facilisis@eratSed.edu,61803.39,SWE,Contractor
Sheila,Kirkland,1554 Adipiscing Avenue,Cap-Rouge,WA,8360,ut.eros@porttitor.org,16658.49,SWE,Contractor
Quinn,Dyer,Ap #406-8209 Vel Ave,Abergele,WA,VI5J 5HB,ut.lacus@nullaIn.edu,49629.7,SWE,FTE
Ora,Schwartz,472-2180 Ac St.,Niel-bij-As,WA,99205,Duis.a@tinciduntcongue.org,22035.26,Senior_SWE,Intern
Joan,Clarke,435-2569 Sem Av.,Annapolis County,WA,S4X 1G2,In@egestas.co.uk,38868.71,Senior_Manager,FTE
Octavia,Key,1232 Scelerisque Street,Waver,WA,59590,ac.nulla@Nullam.co.uk,43164.24,Senior_SWE,Intern
Lacey,Donaldson,1128 Nunc Avenue,Ghlin,WA,945009,sit@nectellus.com,71173.36,Manager,Intern
Dacey,Meadows,2500 Aliquet. Rd.,Clare,WA,7956,vulputate.posuere@dolorsit.edu,56048.35,SWE,Intern
Ursula,Garner,157 Dignissim Avenue,Castelnovo del Friuli,WA,34815,nascetur.ridiculus@nonhendreritid.ca,15750.81,SWE_II,Intern
Ryder,Simmons,Ap #826-1538 Mauris. Rd.,Rosenheim,WA,8064,fringilla.purus.mauris@orcilobortis.edu,22050.57,Manager,Contractor
Kevin,Haynes,7787 Odio. St.,Bautzen,WA,XR68 3RR,risus.odio.auctor@anteipsumprimis.ca,9667.76,SWE,Contractor
Kaitlin,Anthony,Ap #281-6456 Tristique Av.,Baltasound,WA,16635,lacinia.mattis.Integer@hendreritconsectetuer.com,44669.85,Manager,Contractor
Chancellor,Walker,Ap #544-6148 Interdum Av.,Herstal,WA,7614,facilisi@diamSeddiam.ca,91371.19,Manager,Intern
May,Douglas,P.O. Box 173. 3906 Blandit Road,Camporotondo di Fiastrone,WA,71567-771,metus.In@cursus.edu,70156.14,SWE_II,Intern
Victoria,Morales,P.O. Box 408. 2349 Non. St.,Cádiz,WA,1982LD,et.nunc@Proinsedturpis.com,78369.09,SWE_II,FTE
Hector,Hutchinson,Ap #640-319 Nisl Av.,Jonesboro,WA,24307,In.condimentum@sempercursusInteger.ca,86692,Senior_SWE,FTE
Todd,Pena,Ap #526-4779 Ligula Ave,Fontecchio,WA,X96 4PF,risus.at.fringilla@purusaccumsaninterdum.org,63197.95,SWE_II,Intern
Denise,Hull,601-394 Luctus Avenue,Otegem,WA,553783,eu@cubilia.edu,52377.66,Manager,FTE
Jason,Chase,P.O. Box 819. 2476 Ac Road,Pagazzano,WA,68099,feugiat.Sed@fermentum.com,14212.39,SWE,Intern
Rebekah,Smith,P.O. Box 144. 5412 Pellentesque Street,Pittsburgh,WA,30707,eu.sem@quispedePraesent.ca,84948,Senior_SWE,Intern
Dean,Taylor,Ap #617-7075 Eu Rd.,Gravelbourg,WA,69088,Donec.egestas.Duis@idliberoDonec.net,70652.01,Manager,Contractor
